{
  "resolution": 0.05,
  "x_min": -68.08317815525047,
  "x_max": 111.2999979855161,
  "y_min": -81.953156876631,
  "y_max": 89.11106281689355
}